{"schemaVersion":"1.0","appDefinitionTemplate":{"id":"/providers/Microsoft.PowerApps/apps/","type":"Microsoft.PowerApps/apps","tags":{"primaryDeviceWidth":"1366","primaryDeviceHeight":"768","supportsPortrait":"true","supportsLandscape":"true","primaryFormFactor":"Tablet","publisherVersion":"3.22064.18","minimumRequiredApiVersion":"2.2.0","hasComponent":"false","hasUnlockedComponent":"false","isUnifiedRootApp":"false","sienaVersion":"20220720T122453Z-3.22064.18.0"},"properties":{"appVersion":"2022-07-20T12:24:53Z","lifeCycleId":"Published","createdByClientVersion":{"major":3,"minor":22064,"build":18,"revision":0,"majorRevision":0,"minorRevision":0},"minClientVersion":{"major":3,"minor":22064,"build":18,"revision":0,"majorRevision":0,"minorRevision":0},"backgroundColor":"RGBA(0,176,240,1)","backgroundImageUri":"/7990181668773116788/Ne980526b-513c-4fd2-becd-75f550ab732f-logoSmallFile","displayName":"Permits Navigation","description":"App to navigate to the permits and inspections for Building Permits Inspection Schedule for Santa Clara, CA.","commitMessage":"","appUris":{"documentUri":{"value":"/7990181668773116788/N8898de2e-f201-426c-baec-927529c16063-document.msapp"},"imageUris":[],"additionalUris":[]},"createdTime":"0001-01-01T00:00:00Z","lastModifiedTime":"0001-01-01T00:00:00Z","sharedGroupsCount":0,"sharedUsersCount":0,"icons":{"smallIconUri":"/7990181668773116788/N8476d64b-8ced-4247-884b-d327cbad8684-small.png","mediumIconUri":"/7990181668773116788/Naf41255e-7209-46dc-a344-9f2105c4424f-medium.png","largeIconUri":"/7990181668773116788/N880d6478-0e2b-42ab-bcff-2f67ef0645cb-large.png","wideIconUri":"/7990181668773116788/Nafaefc4a-115c-4a54-8e6e-9935cf9948bc-wide.png"},"connectionReferences":{"102ba26e-674a-4d7d-844e-8e60c865f4a8":{"id":"2923be23-ecae-4d06-b2a1-c60c633a03f3","displayName":"Bing Maps","iconUri":"https://connectoricons-prod.azureedge.net/releases/v1.0.1567/1.0.1567.2748/bingmaps/icon.png","dataSources":["BingMaps"],"dependencies":[],"dependents":[],"parameterHints":{},"parameterHintsV2":{},"isOnPremiseConnection":false,"sharedConnectionId":"f8e7b941-92d8-48eb-9365-459c8e4e2e6d","bypassConsent":false,"dataSets":{},"apiTier":"Standard","isCustomApiConnection":false,"actions":["GetMapV2","GetLocationByPoint"]},"ec1ac1f3-f673-4538-897f-689be590f138":{"id":"6ed5d833-a1a9-450d-b6dc-b9e3bb5ba2e2","displayName":"Inspections Generic Query","iconUri":"https://az787822.vo.msecnd.net/defaulticons/api-dedicated.png","dataSources":["InspectionsGenericQuery"],"dependencies":[],"dependents":[],"parameterHints":{},"parameterHintsV2":{},"isOnPremiseConnection":false,"bypassConsent":false,"dataSets":{},"apiTier":"Standard","isCustomApiConnection":true,"actions":["GetInspectionsByQuery"]}},"databaseReferences":{},"almMode":"Environment","performanceOptimizationEnabled":true,"canConsumeAppPass":true,"executionRestrictions":{"isTeamsOnly":false,"dataLossPreventionEvaluationResult":{"status":"Compliant","lastEvaluationDate":"2022-07-18T20:42:09.0802183Z","violations":[],"violationsByPolicy":[],"violationErrorMessage":"The app uses the following connectors: shared_permits2-5fbdb2a6f9f9cf047d-5f33097c83b5189b4d."}}},"appType":"ClassicCanvasApp","appComponents":[]}}